อำเภอ,จำนวนหมู่บ้าน,จำนวนเสี่ยงสูง_รวมทุกด้าน,สถานะการจัดสรร (Gap Status),งบประมาณรวม (ล้านบาท),จำนวนโครงการรวม,งบเฉลี่ยต่อจุดเสี่ยงสูง (ล้านบาท),เสี่ยงสูง_ด1_อุปโภค,โครงการ_ด1,งบ_ด1 (ล้านบาท),เสี่ยงสูง_ด2_เกษตร,โครงการ_ด2,งบ_ด2 (ล้านบาท),เสี่ยงสูง_ด3_น้ำท่วม,โครงการ_ด3,งบ_ด3 (ล้านบาท),เสี่ยงสูง_ด4_คุณภาพน้ำ,โครงการ_ด4,งบ_ด4 (ล้านบาท),เสี่ยงสูง_ด5_ป่าต้นน้ำ,โครงการ_ด5,งบ_ด5 (ล้านบาท)
กัลยาณิวัฒนา,22,1,🟢 สมดุลตามเกณฑ์,132.1303,12,132.1303,1,1,2.5103,0,10,126.94500000000001,0,0,0.0,0,0,0.0,0,1,2.675
จอมทอง,103,8,🔵 งบประมาณสูง - ความเสี่ยงต่ำ (โครงการโครงสร้างพื้นฐานหลัก),2653.21852684,451,331.652315855,1,84,169.72319999999996,0,139,1923.99952684,7,40,492.3831,0,178,39.0531,0,10,28.0596
ดอยสะเก็ด,112,111,⚠️ เสี่ยงสูง - ได้รับงบประมาณต่อเนื่อง,1357.0189027400002,310,12.225395520180182,1,45,91.80919999999998,4,204,1187.4636027400002,15,20,65.2219,26,38,2.0692000000000004,65,3,10.455
ดอยหล่อ,54,40,🟢 สมดุลตามเกณฑ์,1512.70731635,97,37.81768290875,0,17,43.8005,24,65,1271.90091635,5,10,194.5698,0,5,2.4361,11,0,0.0
ดอยเต่า,43,25,🟢 สมดุลตามเกณฑ์,206.62079999999997,48,8.264831999999998,0,11,29.881800000000002,6,34,168.84300000000002,6,1,1.996,0,0,0.0,13,2,5.9
ฝาง,119,31,🟢 สมดุลตามเกณฑ์,1004.4989740000001,407,32.40319270967742,0,33,68.28880000000001,3,83,885.4524740000002,11,4,12.207999999999998,4,284,24.874699999999997,13,3,13.675
พร้าว,109,8,🟢 สมดุลตามเกณฑ์,662.61543708,510,82.826929635,0,12,26.8538,0,76,422.084,0,18,29.30963708,2,399,151.17249999999999,6,5,33.195499999999996
สะเมิง,44,2,🟢 สมดุลตามเกณฑ์,414.90510000000006,177,207.45255000000003,0,3,7.9708000000000006,0,30,382.1384,2,0,0.0,0,140,4.4459,0,4,20.35
สันกำแพง,100,79,🚨 เสี่ยงสูงวิกฤติ - งบประมาณไม่เพียงพอ,599.69767536,213,7.591109814683544,1,84,226.98680000000002,0,120,356.02737535999995,16,2,4.495,27,3,2.8885,35,4,9.3
สันทราย,135,68,🟢 สมดุลตามเกณฑ์,894.60310364,250,13.155927994705882,1,20,51.8299,6,210,636.5043919999999,7,18,202.36881164,20,0,0.0,34,2,3.9
สันป่าตอง,120,79,⚠️ เสี่ยงสูง - ได้รับงบประมาณต่อเนื่อง,1352.4033,164,17.11902911392405,1,16,97.57059999999998,0,82,377.0249,18,46,877.5857999999998,22,20,0.222,38,0,0.0
สารภี,106,185,🚨 เสี่ยงสูงวิกฤติ - งบประมาณไม่เพียงพอ,558.59728721,103,3.0194447957297297,0,25,83.77090000000001,62,59,323.21538721,0,18,74.611,52,1,77.0,71,0,0.0
หางดง,109,115,⚠️ เสี่ยงสูง - ได้รับงบประมาณต่อเนื่อง,1357.4431,169,11.803853043478261,0,16,97.28080000000001,0,102,626.3818000000001,37,20,480.151,20,31,153.62949999999998,58,0,0.0
อมก๋อย,95,57,🟢 สมดุลตามเกณฑ์,824.8949999999999,231,14.471842105263155,18,46,135.52139999999994,15,65,657.096,12,3,10.7109,0,114,10.3317,12,3,11.235
ฮอด,61,1,🟢 สมดุลตามเกณฑ์,842.1394999999999,71,842.1394999999999,1,14,29.7311,0,29,402.52199999999993,0,17,321.2614,0,6,65.6,0,5,23.025000000000002
เชียงดาว,83,12,🟢 สมดุลตามเกณฑ์,892.1365436699999,680,74.3447119725,3,36,95.5087,3,105,754.75994367,6,15,26.189600000000002,0,523,13.003300000000001,0,1,2.675
เมืองเชียงใหม่,175,86,⚠️ เสี่ยงสูง - ได้รับงบประมาณต่อเนื่อง,4257.08240451,195,49.50095819197674,0,33,482.6021,0,112,714.46670451,0,19,375.17300000000006,15,11,2351.6626,71,20,333.178
เวียงแหง,23,3,🟢 สมดุลตามเกณฑ์,260.4218,260,86.80726666666668,0,0,0.0,0,19,238.1182,3,0,0.0,0,237,5.553599999999999,0,4,16.75
แม่ริม,92,32,🟢 สมดุลตามเกณฑ์,1447.59805,197,45.2374390625,0,30,57.48790000000001,0,112,848.567,7,10,530.4,0,44,0.8151499999999999,25,1,10.328
แม่วาง,58,7,🟢 สมดุลตามเกณฑ์,548.02313,194,78.28901857142857,0,12,32.10651,7,39,304.5242,0,13,128.55272,0,123,2.5396,0,7,80.30010000000001
แม่ออน,49,12,🟢 สมดุลตามเกณฑ์,720.25487772,170,60.02123981,0,7,6.641959999999998,0,61,648.97111772,1,6,59.437200000000004,0,95,2.5296000000000003,11,1,2.675
แม่อาย,93,30,🟢 สมดุลตามเกณฑ์,1651.9255237800003,240,55.06418412600001,1,60,83.67670000000001,0,79,779.0615237800001,7,19,146.6822,0,73,533.1355,22,9,109.3696
แม่แจ่ม,104,38,🟢 สมดุลตามเกณฑ์,2514.79215518,319,66.17874092578947,7,41,111.62169999999999,12,172,1753.3529551800002,19,13,117.4328,0,88,519.0097000000001,0,5,13.375
แม่แตง,147,10,🔵 งบประมาณสูง - ความเสี่ยงต่ำ (โครงการโครงสร้างพื้นฐานหลัก),4836.0883947600005,646,483.60883947600007,3,43,106.35136,0,269,4414.22423476,1,26,124.7598,0,295,162.844,6,13,27.909000000000002
ไชยปราการ,44,0,🟢 สมดุลตามเกณฑ์,926.1584999999999,153,926.1584999999999,0,31,124.316,0,39,753.3707999999999,0,15,19.6791,0,65,1.3926000000000003,0,3,27.4
