อำเภอ,ตำบล,จำนวนหมู่บ้าน,เสี่ยงสูง_รวมทุกด้าน,เสี่ยงสูง_ด1,เสี่ยงสูง_ด2,เสี่ยงสูง_ด3,เสี่ยงสูง_ด4,เสี่ยงสูง_ด5,จำนวนโครงการ,งบประมาณรวม (ล้านบาท),งบ_ด1 (ล้านบาท),งบ_ด2 (ล้านบาท),งบ_ด3 (ล้านบาท),งบ_ด4 (ล้านบาท),งบ_ด5 (ล้านบาท)
สันทราย,ป่าไผ่,21,26,0,0,0,5,21,41,66.59899999999999,9.1949,57.40409999999999,0.0,0.0,0.0
สารภี,หนองผึ้ง,8,24,0,8,0,8,8,5,30.4,5.5,24.9,0.0,0.0,0.0
หางดง,บ้านแหวน,13,24,0,0,11,0,13,4,61.656,0.0,1.6560000000000001,60.0,0.0,0.0
สันกำแพง,บวกค้าง,13,23,0,0,7,3,13,31,82.45190000000002,62.971900000000005,19.479999999999997,0.0,0.0,0.0
สารภี,สารภี,10,22,0,10,0,2,10,0,0.0,0.0,0.0,0.0,0.0,0.0
ดอยหล่อ,ยางคราม,11,22,0,11,0,0,11,17,546.7162,2.539,542.9224999999999,0.0,1.2547000000000001,0.0
ดอยสะเก็ด,สันปูเลย,15,21,0,0,1,5,15,8,10.353,2.993,7.36,0.0,0.0,0.0
ดอยสะเก็ด,สำราญราษฎร์,8,21,0,0,6,7,8,6,22.9,0.0,22.9,0.0,0.0,0.0
สารภี,หนองแฝก,9,21,0,9,0,3,9,13,34.265,21.585,6.0,6.68,0.0,0.0
สารภี,ไชยสถาน,8,21,0,8,0,5,8,1,77.0,0.0,0.0,0.0,77.0,0.0
อมก๋อย,อมก๋อย,20,20,5,15,0,0,0,42,466.01270000000005,111.66799999999998,342.4577,10.7109,1.1761,0.0
หางดง,หารแก้ว,9,19,0,0,9,1,9,6,7.459099999999999,3.36,4.0991,0.0,0.0,0.0
ดอยสะเก็ด,ตลาดขวัญ,6,17,0,3,6,2,6,4,3.53,0.0,3.53,0.0,0.0,0.0
สันกำแพง,สันกลาง,7,17,1,0,3,6,7,8,4.0,4.0,0.0,0.0,0.0,0.0
สันป่าตอง,สันกลาง,9,16,0,0,0,7,9,8,20.012999999999998,12.873899999999999,7.1391,0.0,0.0,0.0
สารภี,ชมภู,9,16,0,8,0,8,0,6,31.113599999999998,28.92,2.1936,0.0,0.0,0.0
สารภี,ขัวมุง,10,16,0,0,0,6,10,15,79.34608039999999,0.0,79.34608039999999,0.0,0.0,0.0
หางดง,ขุนคง,9,16,0,0,0,7,9,21,111.98349999999999,3.0,22.557499999999997,86.42599999999999,0.0,0.0
สารภี,สันทราย,12,15,0,0,0,3,12,4,8.123899999999999,7.026,1.0979,0.0,0.0,0.0
เมืองเชียงใหม่,สันผีเสื้อ,9,15,0,0,0,6,9,11,35.945,11.344999999999999,1.1,23.5,0.0,0.0
ดอยหล่อ,ดอยหล่อ,26,15,0,10,5,0,0,42,365.350339,21.7091,336.459839,6.0,1.1814,0.0
อมก๋อย,สบโขง,12,14,0,0,2,0,12,14,72.8301,2.45,62.980500000000006,0.0,0.4446,6.955
ฝาง,แม่ข่า,13,14,0,0,1,0,13,12,266.8789,8.349499999999999,258.5294,0.0,0.0,0.0
หางดง,หนองตอง,14,14,0,0,14,0,0,9,286.6191,0.0,203.7391,82.88,0.0,0.0
หางดง,หนองแก๋ว,9,13,0,0,3,1,9,11,18.198999999999998,1.32,16.878999999999998,0.0,0.0,0.0
ดอยเต่า,บงตัน,7,13,0,6,0,0,7,3,19.830399999999997,6.558,13.2724,0.0,0.0,0.0
สารภี,ดอนแก้ว,7,13,0,5,0,1,7,28,82.8029,0.0,56.271899999999995,26.531,0.0,0.0
สันทราย,หนองจ๊อม,10,13,0,6,0,7,0,13,124.21041164,7.705,83.161,33.344411640000004,0.0,0.0
สันป่าตอง,บ้านแม,13,13,0,0,0,0,13,18,140.6425,6.558,27.1571,106.92739999999999,0.0,0.0
เมืองเชียงใหม่,ศรีภูมิ,13,13,0,0,0,0,13,4,1354.9335,0.0,0.0,124.82050000000001,1230.113,0.0
เมืองเชียงใหม่,หายยา,12,12,0,0,0,0,12,1,15.0,0.0,0.0,15.0,0.0,0.0
แม่อาย,สันต้นหมื้อ,12,12,0,0,0,0,12,11,45.3839,2.6626000000000003,33.0248,9.6965,0.0,0.0
อมก๋อย,นาเกียน,21,12,11,0,1,0,0,19,68.1288,0.5855,64.6207,0.0,2.9226,0.0
สารภี,ท่าวังตาล,13,12,0,5,0,7,0,13,78.34393094,0.458,36.48593094,41.4,0.0,0.0
สารภี,ท่ากว้าง,7,12,0,0,0,5,7,11,101.414822,12.0219,89.392922,0.0,0.0,0.0
หางดง,สันผักหวาน,7,12,0,0,0,5,7,19,241.07279999999997,10.922,32.824,45.0,152.3268,0.0
แม่ริม,เหมืองแก้ว,9,12,0,0,3,0,9,6,251.761,1.561,3.8,246.4,0.0,0.0
สันทราย,สันป่าเปา,6,11,0,0,0,5,6,6,7.3500000000000005,0.0,7.3500000000000005,0.0,0.0,0.0
เมืองเชียงใหม่,ท่าศาลา,11,11,0,0,0,0,11,5,18.8113,12.0222,0.039099999999999996,6.75,0.0,0.0
ดอยสะเก็ด,ตลาดใหญ่,5,11,0,0,1,5,5,10,35.761944,0.0,12.494943999999998,23.266999999999996,0.0,0.0
สันป่าตอง,ทุ่งต้อม,11,11,1,0,10,0,0,10,55.56399999999999,0.0,54.234,1.33,0.0,0.0
แม่ออน,ออนกลาง,11,11,0,0,0,0,11,8,87.94640434,0.0,87.94640434,0.0,0.0,0.0
สันป่าตอง,มะขามหลวง,9,11,0,0,0,2,9,8,146.2491,0.0,146.2491,0.0,0.0,0.0
แม่ริม,สันโป่ง,11,11,0,0,0,0,11,47,321.9800000000001,8.5119,172.64010000000005,130.5,0.0,10.328
หางดง,น้ำแพร่,11,11,0,0,0,0,11,52,361.9304000000001,59.2141,96.34209999999999,205.845,0.5291999999999999,0.0
แม่แจ่ม,ท่าผา,10,11,4,0,7,0,0,79,496.59368166,0.22,335.10138165999996,78.78280000000001,79.81450000000001,2.675
สันกำแพง,ห้วยทราย,8,10,0,0,2,0,8,31,77.92467536000002,0.0,77.92467536000002,0.0,0.0,0.0
เมืองเชียงใหม่,แม่เหียะ,10,10,0,0,0,0,10,22,282.55289999999997,4.438,277.7449,0.37,0.0,0.0
แม่อาย,บ้านหลวง,10,10,0,0,0,0,10,32,322.8555,2.0631,314.5413,0.0,6.251099999999999,0.0
แม่แจ่ม,แม่นาจร,19,10,0,10,0,0,0,44,454.4990000000001,22.8001,427.62800000000004,0.0,1.3959,2.675
สันป่าตอง,ยุหว่า,15,9,0,0,3,6,0,8,22.0238,21.6328,0.391,0.0,0.0,0.0
ดอยสะเก็ด,แม่คือ,6,9,0,1,0,2,6,10,26.3576,23.247600000000002,3.11,0.0,0.0,0.0
สันกำแพง,แม่ปูคา,9,9,0,0,0,9,0,10,34.2092,12.392999999999999,21.8162,0.0,0.0,0.0
แม่แจ่ม,ช่างเคิ่ง,19,9,1,0,8,0,0,49,437.6278,35.6968,182.98100000000002,38.65,177.625,2.675
เมืองเชียงใหม่,ป่าแดด,15,9,0,0,0,9,0,36,871.9125,375.5693,110.35,21.52,364.4732,0.0
เมืองเชียงใหม่,พระสิงห์,8,8,0,0,0,0,8,0,0.0,0.0,0.0,0.0,0.0,0.0
ดอยสะเก็ด,ป่าลาน,6,8,0,0,1,1,6,4,10.107999999999999,6.558,3.55,0.0,0.0,0.0
สันทราย,สันพระเนตร,7,8,0,0,0,1,7,14,11.239,0.804,2.3200000000000003,8.115,0.0,0.0
ฝาง,สันทราย,17,8,0,0,6,2,0,13,13.732600000000001,12.868,0.8645999999999999,0.0,0.0,0.0
เมืองเชียงใหม่,หนองป่าครั่ง,8,8,0,0,0,0,8,6,20.999999999999996,20.999999999999996,0.0,0.0,0.0,0.0
ดอยสะเก็ด,แม่ฮ้อยเงิน,6,8,0,0,0,2,6,5,40.599999999999994,0.0,40.599999999999994,0.0,0.0,0.0
สันป่าตอง,ทุ่งสะโตก,12,8,0,0,2,6,0,6,56.0899,25.9899,0.0,30.1,0.0,0.0
ดอยสะเก็ด,ป่าป้อง,8,8,0,0,0,0,8,34,104.2948,12.072399999999998,63.66,28.0969,0.4655,0.0
สันกำแพง,ทรายมูล,7,7,0,0,0,0,7,2,2.722,1.922,0.8,0.0,0.0,0.0
สารภี,ยางเนิ้ง,7,7,0,7,0,0,0,3,27.527053870000003,0.0,27.527053870000003,0.0,0.0,0.0
แม่ริม,ห้วยทราย,5,7,0,0,2,0,5,4,146.8,0.0,26.8,120.0,0.0,0.0
แม่วาง,ทุ่งรวงทอง,8,7,0,7,0,0,0,14,149.04969999999997,2.8155,138.41219999999998,7.822,0.0,0.0
สันป่าตอง,ท่าวังพร้าว,7,7,0,0,0,0,7,25,304.889,0.0,3.9473000000000003,300.9417,0.0,0.0
แม่แจ่ม,แม่ศึก,17,7,2,2,3,0,0,34,330.02500599999996,14.9286,137.686406,0.0,177.41,0.0
สารภี,ป่าบง,6,6,0,2,0,4,0,4,8.26,8.26,0.0,0.0,0.0,0.0
แม่แตง,สันป่ายาง,6,6,0,0,0,0,6,2,15.4,0.0,0.0,0.0,0.0,15.4
พร้าว,เวียง,6,6,0,0,0,0,6,3,28.78663708,6.558,13.1,9.12863708,0.0,0.0
สันกำแพง,ร้องวัวแดง,11,6,0,0,3,3,0,19,32.54,0.0,32.54,0.0,0.0,0.0
ดอยเต่า,ท่าเดื่อ,6,6,0,0,0,0,6,17,117.7162,13.373899999999999,104.34230000000001,0.0,0.0,0.0
ฝาง,เวียง,20,6,0,3,1,2,0,83,126.40870000000001,19.0572,106.6918,0.0,0.6597000000000002,0.0
ดอยสะเก็ด,สง่าบ้าน,5,5,0,0,0,0,5,9,8.63,0.0,8.3,0.33,0.0,0.0
จอมทอง,ดอยแก้ว,9,5,1,0,4,0,0,24,86.5736,0.3626,65.8323,16.0,1.7037,2.675
อมก๋อย,แม่ตื่น,16,5,0,0,5,0,0,98,98.5276,14.160900000000002,82.6845,0.0,1.6822000000000004,0.0
หางดง,หางดง,9,5,0,0,0,5,0,8,170.38,10.52,159.85999999999999,0.0,0.0,0.0
แม่อาย,แม่สาว,16,5,1,0,4,0,0,34,343.36830000000003,16.320999999999998,272.833,24.733799999999995,0.3909,29.0896
ดอยเต่า,ดอยเต่า,10,4,0,0,4,0,0,9,14.9377,3.338,9.6037,1.996,0.0,0.0
เชียงดาว,แม่นะ,13,4,0,0,4,0,0,111,15.2409,1.0877999999999999,6.0558000000000005,6.5095,1.5878,0.0
สันกำแพง,แช่ช้าง,10,4,0,0,0,4,0,24,67.92,37.599999999999994,30.32,0.0,0.0,0.0
อมก๋อย,ยางเปียง,17,4,2,0,2,0,0,15,113.9867,6.558,101.1798,0.0,1.9689,4.28
สันทราย,หนองหาร,18,4,0,0,4,0,0,46,147.1009,22.554999999999996,114.5445,10.0014,0.0,0.0
สันทราย,สันนาเม็ง,12,3,0,0,3,0,0,4,7.1129999999999995,5.6129999999999995,1.5,0.0,0.0,0.0
สันป่าตอง,มะขุนหวาน,8,3,0,0,3,0,0,6,10.697099999999999,6.558,4.1391,0.0,0.0,0.0
เวียงแหง,เปียงหลวง,6,3,0,0,3,0,0,8,12.930700000000002,0.0,9.7353,0.0,0.5204,2.675
แม่อาย,แม่นาวาง,17,3,0,0,3,0,0,40,42.772299999999994,6.7847,8.603,3.9596,23.425,0.0
สันทราย,เมืองเล็น,5,3,1,0,0,2,0,26,50.592,0.0,50.592,0.0,0.0,0.0
เชียงดาว,เมืองงาย,11,3,3,0,0,0,0,28,71.2754,1.38,68.8719,0.7,0.3235,0.0
สันกำแพง,สันกำแพง,14,3,0,0,1,2,0,24,73.41,54.82000000000001,17.940000000000005,0.65,0.0,0.0
ดอยหล่อ,สองแคว,8,3,0,3,0,0,0,9,171.15807647,0.0,94.61807647,76.53999999999999,0.0,0.0
เชียงดาว,เมืองนะ,14,3,0,3,0,0,0,153,292.42609000000004,3.2079999999999997,285.88779,0.0,3.3303000000000003,0.0
อมก๋อย,ม่อนจอง,9,2,0,0,2,0,0,43,5.4091,0.099,3.1728,0.0,2.1373,0.0
แม่ริม,โป่งแยง,10,2,0,0,2,0,0,16,11.65165,0.2945,11.129999999999999,0.0,0.22715000000000002,0.0
พร้าว,เขื่อนผาก,10,2,0,0,0,2,0,19,14.563600000000001,0.0656,6.9138,7.5842,0.0,0.0
แม่แตง,ป่าแป๋,13,2,2,0,0,0,0,173,57.320599999999985,0.0,49.431,0.0,7.8896,0.0
ฝาง,โป่งน้ำร้อน,7,2,0,0,2,0,0,89,76.88069999999999,3.4,71.9487,0.20800000000000002,1.324,0.0
ดอยสะเก็ด,เชิงดอย,13,2,0,0,0,2,0,36,455.8567,11.031199999999998,444.18370000000004,0.0,0.6417999999999999,0.0
ดอยเต่า,บ้านแอ่น,4,1,0,0,1,0,0,2,20.23,5.211,15.019,0.0,0.0,0.0
ดอยเต่า,โปงทุ่ง,11,1,0,0,1,0,0,14,32.5056,0.0,26.605600000000003,0.0,0.0,5.9
สันป่าตอง,แม่ก๊า,14,1,0,0,0,1,0,6,41.3,0.0,5.300000000000001,36.0,0.0,0.0
หางดง,สบแม่ข่า,5,1,0,0,0,1,0,3,48.85,0.0,48.85,0.0,0.0,0.0
กัลยาณิวัฒนา,บ้านจันทร์,7,1,1,0,0,0,0,10,70.6303,2.5103,65.44500000000001,0.0,0.0,2.675
แม่แตง,สบเปิง,13,1,1,0,0,0,0,46,85.9802,0.0,75.5457,0.0,2.0345000000000004,8.4
แม่แจ่ม,กองแขก,12,1,0,0,1,0,0,16,85.9958,13.3012,72.6946,0.0,0.0,0.0
เชียงดาว,เมืองคอง,6,1,0,0,1,0,0,122,102.2518,0.8,79.0487,16.9022,2.8259,2.675
สะเมิง,แม่สาบ,10,1,0,0,1,0,0,19,109.6773,0.0,109.55,0.0,0.12730000000000002,0.0
สะเมิง,ยั้งเมิน,7,1,0,0,1,0,0,22,116.7088,5.4,96.2,0.0,0.10879999999999998,15.0
ฮอด,นาคอเรือ,10,1,1,0,0,0,0,3,192.03089999999997,0.3542,191.67669999999998,0.0,0.0,0.0
จอมทอง,บ้านหลวง,23,1,0,0,1,0,0,148,232.91375958000003,23.921400000000002,132.62425958,53.006800000000005,3.3266999999999998,20.034599999999998
เชียงดาว,เชียงดาว,16,1,0,0,1,0,0,61,281.44535367000003,82.89330000000001,196.06645367000002,2.0779,0.4077000000000001,0.0
แม่ออน,แม่ทา,7,1,0,0,1,0,0,16,292.018,0.7252,284.8556,6.437200000000001,0.0,0.0
ดอยสะเก็ด,ลวงเหนือ,10,1,1,0,0,0,0,79,333.26394999999997,0.449,319.15455,13.528,0.1324,0.0
ฝาง,แม่คะ,15,1,0,0,1,0,0,24,335.433674,4.2034,319.2302739999999,12.0,0.0,0.0
แม่แตง,กื้ดช้าง,8,1,0,0,1,0,0,42,380.02680000000004,39.800000000000004,338.3607,0.0,1.8661,0.0
จอมทอง,สบเตี๊ยะ,21,1,0,0,1,0,0,25,381.8319,37.2889,344.543,0.0,0.0,0.0
จอมทอง,บ้านแปะ,20,1,0,0,1,0,0,128,482.18330079,55.626599999999996,299.16420079000005,112.459,12.258500000000002,2.675
พร้าว,ทุ่งหลวง,6,0,0,0,0,0,0,0,0.0,0.0,0.0,0.0,0.0,0.0
เมืองเชียงใหม่,ฟ้าฮ่าม,8,0,0,0,0,0,0,0,0.0,0.0,0.0,0.0,0.0,0.0
เมืองเชียงใหม่,หนองหอย,14,0,0,0,0,0,0,0,0.0,0.0,0.0,0.0,0.0,0.0
พร้าว,ป่าตุ้ม,12,0,0,0,0,0,0,9,0.2248,0.0656,0.0596,0.0,0.09960000000000001,0.0
แม่แตง,เมืองก๋าย,5,0,0,0,0,0,0,2,0.98186,0.98186,0.0,0.0,0.0,0.0
ดอยเต่า,มืดกา,5,0,0,0,0,0,0,3,1.4009,1.4009,0.0,0.0,0.0,0.0
ไชยปราการ,ปงตำ,8,0,0,0,0,0,0,5,2.7798000000000003,0.0,2.7798000000000003,0.0,0.0,0.0
แม่ริม,แม่แรม,12,0,0,0,0,0,0,34,4.178,3.59,0.0,0.0,0.588,0.0
แม่แตง,บ้านช้าง,5,0,0,0,0,0,0,8,8.471300000000001,3.4,5.0713,0.0,0.0,0.0
ไชยปราการ,แม่ทะลบ,7,0,0,0,0,0,0,7,9.2646,0.0,8.7646,0.5,0.0,0.0
หางดง,หนองควาย,12,0,0,0,0,0,0,13,10.84,3.465,7.375,0.0,0.0,0.0
กัลยาณิวัฒนา,แจ่มหลวง,7,0,0,0,0,0,0,1,11.5,0.0,11.5,0.0,0.0,0.0
ไชยปราการ,หนองบัว,11,0,0,0,0,0,0,68,13.398099999999994,0.0,11.0055,1.0,1.3926000000000003,0.0
สันกำแพง,ต้นเปา,10,0,0,0,0,0,0,8,14.4249,10.579899999999999,0.0,3.845,0.0,0.0
แม่ริม,ริมใต้,8,0,0,0,0,0,0,5,15.868,2.868,3.5,9.5,0.0,0.0
สันทราย,สันทรายน้อย,10,0,0,0,0,0,0,2,17.926000000000002,2.626,0.0,15.3,0.0,0.0
สะเมิง,บ่อแก้ว,10,0,0,0,0,0,0,39,17.977000000000004,1.9054,14.0,0.0,2.0716,0.0
ฮอด,บ่อหลวง,13,0,0,0,0,0,0,7,18.3376,6.558,5.5871,3.5175,0.0,2.675
สันทราย,สันทรายหลวง,9,0,0,0,0,0,0,12,19.3736662,2.305,17.0686662,0.0,0.0,0.0
ฝาง,แม่สูน,17,0,0,0,0,0,0,7,23.1294,2.513,0.5038,0.0,20.1126,0.0
พร้าว,โหล่งขอด,9,0,0,0,0,0,0,39,24.2929,0.0656,12.2743,10.86,1.093,0.0
เวียงแหง,แสนไห,5,0,0,0,0,0,0,3,25.1564,0.0,25.1564,0.0,0.0,0.0
สันทราย,แม่แฝกใหม่,14,0,0,0,0,0,0,19,28.019999999999996,0.0,28.019999999999996,0.0,0.0,0.0
แม่ริม,แม่สา,6,0,0,0,0,0,0,13,38.0051,13.005099999999999,15.0,10.0,0.0,0.0
หางดง,บ้านปง,11,0,0,0,0,0,0,23,38.4532,5.4797,32.2,0.0,0.7735000000000001,0.0
ดอยสะเก็ด,เทพเสด็จ,8,0,0,0,0,0,0,24,38.582358,0.0,33.704458,0.0,0.5979,4.28
แม่ออน,ห้วยแก้ว,8,0,0,0,0,0,0,7,42.82259338,2.52808,40.29451338,0.0,0.0,0.0
แม่แตง,อินทขิล,39,0,0,0,0,0,0,20,44.89489999999999,13.0808,23.6039,0.0,8.2102,0.0
กัลยาณิวัฒนา,แม่แดด,8,0,0,0,0,0,0,1,50.0,0.0,50.0,0.0,0.0,0.0
แม่อาย,มะลิกา,10,0,0,0,0,0,0,7,51.060300000000005,32.1548,0.0185,18.887,0.0,0.0
แม่ออน,บ้านสหกรณ์,8,0,0,0,0,0,0,14,62.41,0.0,30.41,32.0,0.0,0.0
เชียงดาว,ทุ่งข้าวพวง,7,0,0,0,0,0,0,39,62.48080000000001,2.5104,59.0724,0.0,0.8980000000000001,0.0
สะเมิง,สะเมิงใต้,11,0,0,0,0,0,0,50,64.1931,0.0,57.9884,0.0,0.8547,5.35
แม่ริม,ริมเหนือ,5,0,0,0,0,0,0,14,64.9259,6.3159,58.61,0.0,0.0,0.0
เชียงดาว,ปิงโค้ง,16,0,0,0,0,0,0,165,66.4442,3.6292,59.1849,0.0,3.6301,0.0
พร้าว,บ้านโป่ง,8,0,0,0,0,0,0,3,67.562,0.0,21.088,0.0,46.474,0.0
ฮอด,ฮอด,5,0,0,0,0,0,0,3,72.0,0.0,48.0,24.0,0.0,0.0
เมืองเชียงใหม่,สุเทพ,19,0,0,0,0,0,0,26,72.41790451,8.399000000000001,37.67070450999999,0.5,25.848200000000002,0.0
พร้าว,แม่ปั๋ง,14,0,0,0,0,0,0,32,73.1202,0.0,17.9832,0.0,44.06199999999999,11.075
พร้าว,น้ำแพร่,8,0,0,0,0,0,0,11,77.00850000000001,8.924500000000002,18.209,0.0,49.875,0.0
แม่แตง,ขี้เหล็ก,11,0,0,0,0,0,0,33,79.87370000000001,36.4537,41.52,1.9,0.0,0.0
ฝาง,แม่งอน,15,0,0,0,0,0,0,23,80.5305,10.6725,58.344,0.0,0.514,11.0
แม่วาง,ดอนเปา,10,0,0,0,0,0,0,9,80.71771999999999,2.7025,30.5713,47.44392,0.0,0.0
ฝาง,ม่อนปิ่น,15,0,0,0,0,0,0,156,81.50449999999998,7.2252,69.3399,0.0,2.2644,2.675
พร้าว,ป่าไหน่,10,0,0,0,0,0,0,81,83.13409999999999,7.5,73.98,0.0,1.6541,0.0
สันป่าตอง,บ้านกลาง,11,0,0,0,0,0,0,10,89.24949999999998,23.958,10.211500000000001,55.08,0.0,0.0
ฮอด,บ่อสลี,10,0,0,0,0,0,0,12,89.72970000000001,5.9597,0.495,0.0,65.6,17.675
แม่ออน,ออนเหนือ,10,0,0,0,0,0,0,72,90.11589999999998,0.0,80.1,6.0,1.3409,2.675
แม่ริม,ดอนแก้ว,10,0,0,0,0,0,0,32,93.78309999999999,1.9401000000000002,91.843,0.0,0.0,0.0
พร้าว,แม่แวน,11,0,0,0,0,0,0,175,96.3676,3.2165,65.8345,0.0,5.1960999999999995,22.1205
แม่ริม,ขี้เหล็ก,8,0,0,0,0,0,0,19,97.92089999999999,17.3009,66.62,14.0,0.0,0.0
แม่วาง,ทุ่งปี๊,12,0,0,0,0,0,0,9,100.1496,0.0,18.6435,14.102,0.0,67.4041
แม่อาย,แม่อาย,13,0,0,0,0,0,0,61,104.513,21.0631,22.0578,25.738,1.3741,34.28
สะเมิง,สะเมิงเหนือ,6,0,0,0,0,0,0,47,106.3489,0.6654,104.4,0.0,1.2834999999999999,0.0
แม่วาง,แม่วิน,19,0,0,0,0,0,0,153,107.46771000000001,20.03051,64.4016,7.6,2.5396,12.896
แม่วาง,บ้านกาด,9,0,0,0,0,0,0,9,110.6384,6.558,52.4956,51.5848,0.0,0.0
เมืองเชียงใหม่,ช้างม่อย,3,0,0,0,0,0,0,2,111.036,0.0,0.0,111.036,0.0,0.0
เมืองเชียงใหม่,ช้างคลาน,12,0,0,0,0,0,0,4,114.995,0.0,0.495,27.0,0.0,87.5
ดอยสะเก็ด,แม่โป่ง,10,0,0,0,0,0,0,25,119.71821306000001,0.0,116.21821306000001,0.0,0.0,3.5
สันทราย,หนองแหย่ง,11,0,0,0,0,0,0,16,131.29,0.0,11.29,120.0,0.0,0.0
แม่ออน,ทาเหนือ,5,0,0,0,0,0,0,53,144.94198,3.38868,125.3646,15.0,1.1886999999999999,0.0
ดอยสะเก็ด,ป่าเมี่ยง,6,0,0,0,0,0,0,56,147.06233768,35.45800000000001,108.69773768,0.0,0.2316,2.675
ฮอด,บ้านตาล,10,0,0,0,0,0,0,25,156.9136,6.558,21.504999999999995,128.8506,0.0,0.0
พร้าว,สันทราย,15,0,0,0,0,0,0,138,197.55509999999998,0.458,192.64159999999998,1.7368000000000001,2.7186999999999997,0.0
สันกำแพง,ออนใต้,11,0,0,0,0,0,0,56,210.09500000000003,42.7,155.2065,0.0,2.8885,9.3
เวียงแหง,เมืองแหง,12,0,0,0,0,0,0,249,222.3347,0.0,203.2265,0.0,5.0332,14.075
เมืองเชียงใหม่,ช้างเผือก,12,0,0,0,0,0,0,18,262.2858,22.084600000000002,55.0,22.0,0.9912,162.20999999999998
ฮอด,หางดง,13,0,0,0,0,0,0,20,277.5104,10.3012,135.25820000000002,129.276,0.0,2.675
สันทราย,แม่แฝก,12,0,0,0,0,0,0,51,283.7891258,1.027,263.2541258,15.608,0.0,3.9
แม่แจ่ม,บ้านทับ,13,0,0,0,0,0,0,33,285.4035,5.7059999999999995,194.78370000000004,0.0,79.56379999999999,5.35
เมืองเชียงใหม่,วัดเกต,14,0,0,0,0,0,0,56,315.53499999999997,0.0,232.067,0.0,0.0,83.468
แม่แตง,แม่แตง,8,0,0,0,0,0,0,52,316.71070000000003,0.0,250.4613,66.2494,0.0,0.0
แม่แตง,สันมหาพน,10,0,0,0,0,0,0,70,353.9466000000001,6.077,332.4822,7.949,3.3294,4.109
แม่ริม,สะลวง,8,0,0,0,0,0,0,7,400.7244,2.1005,398.6239,0.0,0.0,0.0
แม่แจ่ม,ปางหินฝน,14,0,0,0,0,0,0,64,424.64736752,18.969000000000005,402.4778675199999,0.0,3.2004999999999995,0.0
ดอยหล่อ,สันติสุข,9,0,0,0,0,0,0,29,429.48270088000004,19.5524,297.90050088000004,112.0298,0.0,0.0
จอมทอง,ข่วงเปา,15,0,0,0,0,0,0,33,432.922788,32.366600000000005,359.32628800000003,41.0249,0.205,0.0
สันป่าตอง,น้ำบ่อหลวง,11,0,0,0,0,0,0,59,465.68539999999996,0.0,118.2567,347.20669999999996,0.222,0.0
แม่อาย,ท่าตอน,15,0,0,0,0,0,0,54,710.4804237799999,2.6273999999999997,96.49132378,63.6673,501.69440000000003,46.0
เมืองเชียงใหม่,ป่าตัน,7,0,0,0,0,0,0,3,765.2252,27.744,0.0,7.2442,730.237,0.0
แม่แตง,ช่อแล,13,0,0,0,0,0,0,52,836.9174427999999,6.558,797.5419428,32.817499999999995,0.0,0.0
ไชยปราการ,ศรีดงเย็น,18,0,0,0,0,0,0,73,900.7159999999999,124.316,730.8208999999999,18.1791,0.0,27.4
แม่แตง,แม่หอพระ,9,0,0,0,0,0,0,47,986.9580255200001,0.0,836.86792552,11.7164,138.3737,0.0
จอมทอง,แม่สอย,15,0,0,0,0,0,0,92,1016.7931784699999,20.1571,702.50947847,269.8924,21.5592,2.675
แม่แตง,บ้านเป้า,7,0,0,0,0,0,0,97,1668.0402664399996,0.0,1662.7722664399996,4.1274999999999995,1.1405000000000003,0.0
